AirportCode,FlightNum,ScheduledDepature,ActualDeparture,Destination,Distance miles,ScheduledArrival,ActualArrival,DepartureTerminal,RunwayNum,WeatherConditions
LHR,FR236,0:00,0:00,AMS,230,1:20,1:20,5,2,18°C clear
LHR,U2364,0:03,0:03,CDG,216,1:23,1:21,5,2,18°C clear
LHR,SK101,0:05,0:05,BCN,713,2:15,2:16,2,2,18°C clear
LHR,BA296,0:12,0:27,AMS,230,1:32,1:47,5,2,18°C clear
LHR,AF950,0:13,0:13,CDG,216,1:33,1:33,3,2,18°C clear
LHR,TP472,0:14,0:14,FRA,407,1:49,1:49,2,2,18°C clear
LHR,IB842,0:15,0:15,CDG,216,1:35,1:29,2,1,18°C clear
LHR,AF585,0:15,0:15,AMS,230,1:35,1:33,4,1,18°C clear
LHR,U2679,0:17,0:41,IST,1550,4:12,4:36,4,1,18°C clear
LHR,AY144,0:17,0:27,FCO,898,2:52,3:02,5,1,18°C clear
LHR,BA678,0:18,0:18,FRA,407,1:53,1:53,5,1,18°C clear
LHR,U2837,0:19,0:19,FCO,898,2:54,2:54,4,2,18°C clear
LHR,FR241,0:24,0:24,BCN,713,2:34,2:34,4,2,18°C clear
LHR,AF952,0:25,0:25,BCN,713,2:35,2:35,5,2,18°C clear
LHR,BA198,0:26,0:26,FCO,898,3:01,3:01,4,1,18°C clear
LHR,U2278,0:28,0:42,CDG,216,1:48,2:02,5,2,18°C clear
LHR,U2914,0:29,0:29,FRA,407,2:04,2:04,5,2,18°C clear
LHR,KL250,0:35,5:03,IST,1550,4:30,8:52,3,1,18°C clear
LHR,AF726,0:36,0:36,IST,1550,4:31,4:31,2,2,18°C clear
LHR,LH190,0:38,0:38,IST,1550,4:33,4:33,2,2,18°C clear
LHR,AY892,0:52,1:13,FCO,898,3:27,3:48,3,1,18°C clear
LHR,U2634,0:55,0:55,LIS,975,3:40,3:38,5,1,18°C clear
LHR,U2489,0:55,0:55,AMS,230,2:15,2:15,5,2,18°C clear
LHR,BA447,0:59,1:09,FRA,407,2:34,2:35,2,1,18°C clear
LHR,FR680,0:59,1:10,MUC,586,2:54,3:05,2,1,18°C clear
LHR,LH763,0:59,1:31,BCN,713,3:09,3:59,3,1,18°C clear
LHR,BA927,1:00,1:00,MUC,586,2:55,2:55,5,2,17°C light rain
LHR,BA192,1:00,1:00,MUC,586,2:55,2:55,3,2,17°C light rain
LHR,A3780,1:04,1:04,FCO,898,3:39,3:34,3,1,17°C light rain
LHR,IB336,1:06,1:06,AMS,230,2:26,2:18,4,2,17°C light rain
LHR,AF372,1:07,1:07,MUC,586,3:02,3:02,2,2,17°C light rain
LHR,KL946,1:08,1:08,MAD,772,3:33,3:33,3,1,17°C light rain
LHR,SK360,1:11,1:11,MAD,772,3:36,3:32,3,2,17°C light rain
LHR,U2555,1:11,1:11,LIS,975,3:56,3:56,5,2,17°C light rain
LHR,BA302,1:12,1:12,MUC,586,3:07,3:08,4,1,17°C light rain
LHR,AF872,1:12,1:12,IST,1550,5:07,5:07,5,1,17°C light rain
LHR,AF863,1:13,1:15,CDG,216,2:33,2:35,4,1,17°C light rain
LHR,LH874,1:17,7:33,BCN,713,3:27,9:43,4,1,17°C light rain
LHR,BA307,1:23,1:23,LIS,975,4:08,4:08,5,1,17°C light rain
LHR,KL956,1:23,1:23,BCN,713,3:33,3:33,5,1,17°C light rain
LHR,IB853,1:23,3:51,CDG,216,2:43,5:11,4,1,17°C light rain
LHR,LH246,1:24,1:24,IST,1550,5:19,5:19,5,1,17°C light rain
LHR,A3630,1:26,1:26,IST,1550,5:21,5:38,3,1,17°C light rain
LHR,KL617,1:28,1:28,IST,1550,5:23,5:23,5,2,17°C light rain
LHR,BA479,1:30,1:30,BCN,713,3:40,3:40,2,1,17°C light rain
LHR,BA481,1:31,1:31,MUC,586,3:26,3:26,2,2,17°C light rain
LHR,BA247,1:35,2:00,AMS,230,2:55,3:11,3,1,17°C light rain
LHR,AF497,1:36,1:36,FCO,898,4:11,4:11,4,1,17°C light rain
LHR,BA400,1:36,1:36,FCO,898,4:11,4:11,5,2,17°C light rain
LHR,BA291,1:37,1:37,LIS,975,4:22,4:22,4,1,17°C light rain
LHR,BA932,1:40,2:16,IST,1550,5:35,6:10,5,2,17°C light rain
LHR,TK298,1:40,1:40,MAD,772,4:05,4:05,3,1,17°C light rain
LHR,TP878,1:42,1:42,CDG,216,3:02,3:02,2,1,17°C light rain
LHR,SK145,1:42,1:42,BCN,713,3:52,3:52,5,2,17°C light rain
LHR,AF723,1:43,6:47,FCO,898,4:18,9:16,4,1,17°C light rain
LHR,BA584,1:44,2:12,MUC,586,3:39,4:07,4,1,17°C light rain
LHR,BA311,1:46,1:46,MUC,586,3:41,3:41,4,2,17°C light rain
LHR,BA615,1:48,2:00,CDG,216,3:08,3:20,4,1,17°C light rain
LHR,BA654,1:48,2:12,IST,1550,5:43,6:19,4,1,17°C light rain
LHR,TP281,1:48,1:48,FRA,407,3:23,3:23,4,1,17°C light rain
LHR,LH729,1:49,1:49,BCN,713,3:59,3:59,4,1,17°C light rain
LHR,TP104,1:49,1:49,LIS,975,4:34,4:24,4,2,17°C light rain
LHR,BA332,1:50,2:28,FCO,898,4:25,5:03,2,1,17°C light rain
LHR,AF864,1:50,1:50,CDG,216,3:10,3:10,2,2,17°C light rain
LHR,LH400,1:53,1:53,CDG,216,3:13,3:29,2,2,17°C light rain
LHR,BA416,1:57,1:57,FRA,407,3:32,3:40,3,2,17°C light rain
LHR,A3317,2:01,2:01,CDG,216,3:21,3:39,4,1,16°C overcast
LHR,LH236,2:07,2:07,IST,1550,6:02,6:02,2,1,16°C overcast
LHR,SN189,2:08,2:08,BCN,713,4:18,4:15,4,2,16°C overcast
LHR,TP400,2:08,2:08,IST,1550,6:03,6:03,2,1,16°C overcast
LHR,FR199,2:09,2:41,IST,1550,6:04,6:45,2,1,16°C overcast
LHR,U2704,2:10,2:10,FRA,407,3:45,3:45,3,1,16°C overcast
LHR,FR916,2:12,4:34,BCN,713,4:22,6:44,3,1,16°C overcast
LHR,BA809,2:13,2:13,CDG,216,3:33,3:33,5,1,16°C overcast
LHR,LH490,2:15,2:15,AMS,230,3:35,3:35,3,1,16°C overcast
LHR,A3607,2:16,2:27,MUC,586,4:11,4:22,2,1,16°C overcast
LHR,TK190,2:17,2:17,FCO,898,4:52,4:52,3,2,16°C overcast
LHR,IB548,2:17,2:25,FCO,898,4:52,4:50,5,1,16°C overcast
LHR,U2587,2:17,2:17,LIS,975,5:02,5:02,2,1,16°C overcast
LHR,AF818,2:19,2:19,CDG,216,3:39,3:39,4,1,16°C overcast
LHR,U2947,2:24,2:24,BCN,713,4:34,4:34,4,1,16°C overcast
LHR,BA657,2:25,2:25,FCO,898,5:00,5:00,2,2,16°C overcast
LHR,U2639,2:25,2:47,MAD,772,4:50,5:12,4,2,16°C overcast
LHR,TP627,2:25,2:25,BCN,713,4:35,4:35,3,1,16°C overcast
LHR,SN845,2:27,2:27,CDG,216,3:47,3:41,2,1,16°C overcast
LHR,BA418,2:28,2:28,FCO,898,5:03,5:03,3,1,16°C overcast
LHR,AF771,2:28,3:01,AMS,230,3:48,4:21,2,1,16°C overcast
LHR,BA402,2:31,2:31,MUC,586,4:26,4:41,5,1,16°C overcast
LHR,AF350,2:32,2:32,FCO,898,5:07,5:07,4,1,16°C overcast
LHR,AF526,2:33,2:51,FCO,898,5:08,5:26,5,1,16°C overcast
LHR,LH869,2:34,4:58,MUC,586,4:29,6:53,2,2,16°C overcast
LHR,TK673,2:35,6:42,AMS,230,3:55,8:02,5,1,16°C overcast
LHR,AF525,2:35,2:35,AMS,230,3:55,3:55,4,2,16°C overcast
LHR,BA864,2:36,2:36,FCO,898,5:11,5:11,4,2,16°C overcast
LHR,BA832,2:37,2:37,LIS,975,5:22,5:22,2,1,16°C overcast
LHR,U2703,2:39,2:39,IST,1550,6:34,6:34,3,1,16°C overcast
LHR,FR478,2:40,2:40,FCO,898,5:15,5:15,3,1,16°C overcast
LHR,LH653,2:42,2:42,CDG,216,4:02,4:02,4,1,16°C overcast
LHR,A3460,2:42,2:42,FCO,898,5:17,5:17,5,1,16°C overcast
LHR,LH942,2:47,2:58,CDG,216,4:07,4:18,4,2,16°C overcast
LHR,LH602,2:48,2:48,MUC,586,4:43,4:43,2,2,16°C overcast
LHR,A3211,2:53,2:53,AMS,230,4:13,4:27,3,2,16°C overcast
LHR,FR852,2:53,3:11,MUC,586,4:48,5:06,4,1,16°C overcast
LHR,BA506,2:56,2:59,MAD,772,5:21,5:24,4,1,16°C overcast
LHR,U2361,2:56,2:56,CDG,216,4:16,4:16,4,1,16°C overcast
LHR,A3354,2:56,2:56,LIS,975,5:41,5:32,3,1,16°C overcast
LHR,U2721,2:57,7:06,IST,1550,6:52,11:14,3,1,16°C overcast
LHR,LH286,2:57,3:35,MUC,586,4:52,5:30,2,2,16°C overcast
LHR,FR672,3:02,5:29,LIS,975,5:47,8:14,3,2,16°C overcast
LHR,BA501,3:04,3:04,BCN,713,5:14,5:24,4,2,16°C overcast
LHR,QR308,3:05,3:05,MUC,586,5:00,5:00,5,2,16°C overcast
LHR,BA878,3:06,3:07,MUC,586,5:01,5:02,4,2,16°C overcast
LHR,AF519,3:07,3:07,FCO,898,5:42,5:42,3,1,16°C overcast
LHR,FR157,3:08,3:08,IST,1550,7:03,7:03,5,2,16°C overcast
LHR,FR178,3:18,3:18,AMS,230,4:38,4:38,3,1,16°C overcast
LHR,AY443,3:20,3:49,MUC,586,5:15,5:44,5,1,16°C overcast
LHR,AF865,3:20,3:20,BCN,713,5:30,5:30,4,2,16°C overcast
LHR,AF190,3:21,3:21,IST,1550,7:16,7:16,5,2,16°C overcast
LHR,QR934,3:22,3:35,FCO,898,5:57,6:10,5,1,16°C overcast
LHR,BA403,3:24,3:47,FRA,407,4:59,5:27,3,1,16°C overcast
LHR,AF514,3:29,4:00,FCO,898,6:04,6:35,2,1,16°C overcast
LHR,W6246,3:30,3:30,FRA,407,5:05,5:05,4,2,16°C overcast
LHR,AF560,3:31,3:54,LIS,975,6:16,6:39,2,1,16°C overcast
LHR,LH977,3:33,3:33,AMS,230,4:53,5:12,4,1,16°C overcast
LHR,BA103,3:36,3:36,IST,1550,7:31,7:22,5,2,16°C overcast
LHR,QR298,3:37,3:37,CDG,216,4:57,4:57,3,1,16°C overcast
LHR,U2121,3:38,3:49,BCN,713,5:48,5:49,4,2,16°C overcast
LHR,AF685,3:41,3:41,BCN,713,5:51,5:51,5,1,16°C overcast
LHR,LH698,3:42,3:42,IST,1550,7:37,7:32,2,1,16°C overcast
LHR,BA458,3:44,3:45,FRA,407,5:19,5:29,4,2,16°C overcast
LHR,BA766,3:44,3:44,CDG,216,5:04,5:04,3,2,16°C overcast
LHR,LH229,3:44,3:44,IST,1550,7:39,7:39,2,2,16°C overcast
LHR,W6308,3:44,3:44,MAD,772,6:09,6:09,4,2,16°C overcast
LHR,BA477,3:46,3:46,LIS,975,6:31,6:31,3,2,16°C overcast
LHR,QR847,3:48,3:48,CDG,216,5:08,5:08,5,2,16°C overcast
LHR,BA611,3:48,3:48,FCO,898,6:23,6:23,3,2,16°C overcast
LHR,AF744,3:49,4:14,FRA,407,5:24,5:49,4,1,16°C overcast
LHR,FR278,3:50,3:50,FRA,407,5:25,5:25,3,1,16°C overcast
LHR,BA890,3:50,4:26,BCN,713,6:00,6:47,5,2,16°C overcast
LHR,A3368,3:56,3:56,IST,1550,7:51,7:51,3,2,16°C overcast
LHR,KL750,3:58,3:58,AMS,230,5:18,5:18,3,2,16°C overcast
LHR,AF801,3:58,4:01,IST,1550,7:53,7:55,5,1,16°C overcast
LHR,BA200,3:59,4:01,FRA,407,5:34,5:36,3,2,16°C overcast
LHR,BA955,4:00,4:00,AMS,230,5:20,5:20,4,2,16°C overcast
LHR,U2466,4:04,4:04,FRA,407,5:39,5:40,2,1,16°C overcast
LHR,BA483,4:08,4:08,FCO,898,6:43,6:43,3,1,16°C overcast
LHR,FR437,4:09,4:09,MAD,772,6:34,6:34,5,1,16°C overcast
LHR,AF487,4:09,10:32,FCO,898,6:44,13:08,4,1,16°C overcast
LHR,AF149,4:11,4:11,FRA,407,5:46,5:46,5,2,16°C overcast
LHR,KL666,4:11,4:11,IST,1550,8:06,8:06,3,1,16°C overcast
LHR,KL564,4:18,4:18,CDG,216,5:38,5:55,2,1,16°C overcast
LHR,SN565,4:19,4:19,BCN,713,6:29,6:37,5,1,16°C overcast
LHR,LH155,4:22,4:22,IST,1550,8:17,8:17,5,2,16°C overcast
LHR,BA981,4:25,4:25,BCN,713,6:35,6:53,2,1,16°C overcast
LHR,SN898,4:26,4:26,FCO,898,7:01,7:01,2,2,16°C overcast
LHR,LH654,4:26,4:26,AMS,230,5:46,5:46,3,1,16°C overcast
LHR,TP929,4:31,4:31,BCN,713,6:41,6:35,2,1,16°C overcast
LHR,EK740,4:33,4:33,AMS,230,5:53,6:01,4,2,16°C overcast
LHR,QR152,4:34,4:43,FCO,898,7:09,7:18,4,1,16°C overcast
LHR,LH328,4:36,4:36,AMS,230,5:56,6:05,3,1,16°C overcast
LHR,LH311,4:37,4:37,MAD,772,7:02,7:09,3,2,16°C overcast
LHR,U2847,4:37,5:16,AMS,230,5:57,6:50,2,2,16°C overcast
LHR,BA432,4:38,4:38,BCN,713,6:48,6:58,2,1,16°C overcast
LHR,FR775,4:38,4:41,BCN,713,6:48,6:51,2,2,16°C overcast
LHR,BA122,4:42,4:42,CDG,216,6:02,6:03,5,1,16°C overcast
LHR,LH744,4:43,4:43,AMS,230,6:03,6:03,4,1,16°C overcast
LHR,BA522,4:43,5:07,FRA,407,6:18,6:42,3,1,16°C overcast
LHR,SN714,4:44,4:44,BCN,713,6:54,6:54,5,2,16°C overcast
LHR,FR139,4:44,4:44,MUC,586,6:39,6:39,3,1,16°C overcast
LHR,BA754,4:46,5:05,AMS,230,6:06,6:27,2,1,16°C overcast
LHR,TP767,4:48,4:48,AMS,230,6:08,6:21,5,1,16°C overcast
LHR,BA343,4:52,4:52,IST,1550,8:47,8:57,3,1,16°C overcast
LHR,AF222,4:54,4:54,AMS,230,6:14,6:14,4,2,16°C overcast
LHR,AF358,4:55,4:55,FRA,407,6:30,6:30,2,2,16°C overcast
LHR,BA283,4:55,5:34,FCO,898,7:30,8:09,3,1,16°C overcast
LHR,IB891,4:57,4:57,IST,1550,8:52,8:52,3,1,16°C overcast
LHR,SK264,4:59,7:15,CDG,216,6:19,8:35,3,2,16°C overcast
LHR,AF652,5:00,5:20,MUC,586,6:55,7:15,5,1,15°C heavy rain
LHR,AF866,5:03,5:26,AMS,230,6:23,6:46,5,1,15°C heavy rain
LHR,LH117,5:04,5:35,LIS,975,7:49,8:13,4,1,15°C heavy rain
LHR,BA372,5:07,5:07,MUC,586,7:02,7:02,2,1,15°C heavy rain
LHR,QR826,5:09,5:09,LIS,975,7:54,8:00,4,2,15°C heavy rain
LHR,AF677,5:10,5:10,MAD,772,7:35,7:35,4,1,15°C heavy rain
LHR,BA347,5:10,5:10,MAD,772,7:35,7:38,2,1,15°C heavy rain
LHR,BA697,5:11,5:11,CDG,216,6:31,6:31,5,2,15°C heavy rain
LHR,SK505,5:12,5:12,FCO,898,7:47,7:47,4,1,15°C heavy rain
LHR,BA537,5:15,5:15,LIS,975,8:00,8:00,4,2,15°C heavy rain
LHR,TP906,5:16,5:16,CDG,216,6:36,6:36,4,2,15°C heavy rain
LHR,AF672,5:16,5:17,FCO,898,7:51,7:52,5,1,15°C heavy rain
LHR,U2326,5:18,5:48,IST,1550,9:13,9:43,4,1,15°C heavy rain
LHR,IB415,5:18,5:23,IST,1550,9:13,9:32,4,1,15°C heavy rain
LHR,BA660,5:18,5:18,FCO,898,7:53,7:49,5,1,15°C heavy rain
LHR,BA856,5:18,6:52,BCN,713,7:28,9:08,3,1,15°C heavy rain
LHR,BA934,5:19,5:19,LIS,975,8:04,8:01,3,2,15°C heavy rain
LHR,U2349,5:19,5:48,MAD,772,7:44,8:09,2,1,15°C heavy rain
LHR,BA962,5:20,5:20,BCN,713,7:30,7:26,5,2,15°C heavy rain
LHR,AF609,5:20,5:20,AMS,230,6:40,6:40,3,2,15°C heavy rain
LHR,SK459,5:24,5:36,MAD,772,7:49,8:01,2,2,15°C heavy rain
LHR,LH178,5:27,5:27,AMS,230,6:47,6:47,5,2,15°C heavy rain
LHR,FR608,5:27,5:27,IST,1550,9:22,9:31,4,1,15°C heavy rain
LHR,TK461,5:29,5:29,MUC,586,7:24,7:27,2,1,15°C heavy rain
LHR,SN352,5:30,5:34,FRA,407,7:05,7:09,3,1,15°C heavy rain
LHR,BA513,5:31,5:31,MUC,586,7:26,7:26,4,1,15°C heavy rain
LHR,BA308,5:32,5:32,AMS,230,6:52,6:46,4,1,15°C heavy rain
LHR,TP964,5:33,5:33,BCN,713,7:43,7:51,5,2,15°C heavy rain
LHR,LH573,5:33,5:33,BCN,713,7:43,7:43,4,1,15°C heavy rain
LHR,IB391,5:34,6:13,CDG,216,6:54,7:33,2,1,15°C heavy rain
LHR,SK909,5:34,5:34,FCO,898,8:09,8:09,3,2,15°C heavy rain
LHR,BA805,5:35,5:35,AMS,230,6:55,7:13,2,1,15°C heavy rain
LHR,LH710,5:37,5:37,LIS,975,8:22,8:22,3,1,15°C heavy rain
LHR,KL828,5:42,5:42,CDG,216,7:02,7:14,2,1,15°C heavy rain
LHR,BA917,5:44,6:02,MUC,586,7:39,8:08,2,1,15°C heavy rain
LHR,BA154,5:45,5:45,FRA,407,7:20,7:20,4,1,15°C heavy rain
LHR,AF916,5:51,5:51,IST,1550,9:46,9:46,5,2,15°C heavy rain
LHR,U2448,5:56,5:56,FRA,407,7:31,7:31,3,1,15°C heavy rain
LHR,AF867,6:02,6:02,AMS,230,7:22,7:22,3,2,14°C light rain
LHR,A3733,6:03,6:07,AMS,230,7:23,7:27,3,1,14°C light rain
LHR,BA926,6:04,6:04,FRA,407,7:39,7:55,4,1,14°C light rain
LHR,SN583,6:04,6:04,FRA,407,7:39,7:33,5,2,14°C light rain
LHR,BA360,6:05,6:35,BCN,713,8:15,8:45,5,2,14°C light rain
LHR,AF474,6:06,6:29,MAD,772,8:31,8:54,5,2,14°C light rain
LHR,TP354,6:08,6:08,LIS,975,8:53,9:06,4,2,14°C light rain
LHR,BA581,6:08,6:08,MAD,772,8:33,8:33,2,1,14°C light rain
LHR,BA298,6:09,6:09,CDG,216,7:29,7:29,5,1,14°C light rain
LHR,LH156,6:11,6:11,BCN,713,8:21,8:21,5,2,14°C light rain
LHR,SK492,6:12,6:12,BCN,713,8:22,8:22,5,1,14°C light rain
LHR,FR239,6:12,6:12,IST,1550,10:07,10:07,2,1,14°C light rain
LHR,QR387,6:12,6:12,FCO,898,8:47,8:47,5,2,14°C light rain
LHR,AF632,6:12,6:12,FRA,407,7:47,7:47,4,2,14°C light rain
LHR,U2166,6:12,6:15,MUC,586,8:07,8:10,5,2,14°C light rain
LHR,BA586,6:17,6:17,AMS,230,7:37,7:37,5,2,14°C light rain
LHR,AF421,6:18,6:18,MAD,772,8:43,8:59,2,1,14°C light rain
LHR,BA850,6:19,6:19,BCN,713,8:29,8:29,5,1,14°C light rain
LHR,AF430,6:19,6:19,LIS,975,9:04,9:04,2,2,14°C light rain
LHR,TK991,6:22,6:50,BCN,713,8:32,9:00,4,1,14°C light rain
LHR,LH140,6:22,6:48,IST,1550,10:17,10:43,2,2,14°C light rain
LHR,LH325,6:24,6:24,CDG,216,7:44,7:44,3,1,14°C light rain
LHR,AF165,6:26,6:26,LIS,975,9:11,9:11,2,2,14°C light rain
LHR,U2546,6:26,6:26,AMS,230,7:46,7:46,4,1,14°C light rain
LHR,IB963,6:27,6:27,FRA,407,8:02,8:02,2,2,14°C light rain
LHR,BA751,6:28,6:28,LIS,975,9:13,9:13,2,1,14°C light rain
LHR,BA442,6:29,6:29,IST,1550,10:24,10:24,4,1,14°C light rain
LHR,BA649,6:29,6:54,FCO,898,9:04,9:42,2,1,14°C light rain
LHR,A3495,6:31,6:31,BCN,713,8:41,8:43,5,2,14°C light rain
LHR,TP632,6:31,6:31,AMS,230,7:51,7:51,2,1,14°C light rain
LHR,BA334,6:32,6:32,CDG,216,7:52,7:52,3,1,14°C light rain
LHR,A3384,6:34,6:34,CDG,216,7:54,7:54,2,2,14°C light rain
LHR,AF962,6:36,6:36,IST,1550,10:31,10:31,2,2,14°C light rain
LHR,U2127,6:39,6:39,MUC,586,8:34,8:41,4,2,14°C light rain
LHR,BA911,6:40,6:40,MAD,772,9:05,8:56,3,2,14°C light rain
LHR,TK805,6:41,7:20,AMS,230,8:01,8:47,4,2,14°C light rain
LHR,FR362,6:41,6:41,LIS,975,9:26,9:26,4,1,14°C light rain
LHR,BA638,6:42,6:42,LIS,975,9:27,9:32,5,1,14°C light rain
LHR,KL916,6:49,6:49,FCO,898,9:24,9:43,4,2,14°C light rain
LHR,BA621,6:53,6:53,MUC,586,8:48,8:48,4,2,14°C light rain
LHR,BA933,6:53,6:53,FCO,898,9:28,9:28,5,1,14°C light rain
LHR,BA872,6:53,7:16,LIS,975,9:38,10:01,5,2,14°C light rain
LHR,BA491,6:55,7:29,AMS,230,8:15,8:49,3,1,14°C light rain
LHR,BA177,6:57,7:00,LIS,975,9:42,9:36,5,2,14°C light rain
LHR,IB422,6:58,6:58,MAD,772,9:23,9:23,2,1,14°C light rain
LHR,A3491,7:02,7:02,MUC,586,8:57,8:53,2,2,15°C overcast
LHR,TP197,7:03,7:03,MUC,586,8:58,8:58,5,2,15°C overcast
LHR,SN991,7:04,7:09,BCN,713,9:14,9:37,5,2,15°C overcast
LHR,TK839,7:05,7:12,FCO,898,9:40,9:47,3,2,15°C overcast
LHR,LH952,7:05,7:05,FCO,898,9:40,9:40,5,2,15°C overcast
LHR,LH337,7:06,7:06,IST,1550,11:01,11:05,4,1,15°C overcast
LHR,W6960,7:11,7:11,IST,1550,11:06,11:06,4,2,15°C overcast
LHR,BA206,7:13,7:13,MAD,772,9:38,9:38,4,1,15°C overcast
LHR,BA686,7:15,8:50,LIS,975,10:00,11:45,5,1,15°C overcast
LHR,BA436,7:17,7:17,MAD,772,9:42,9:45,3,1,15°C overcast
LHR,LH960,7:20,7:20,LIS,975,10:05,10:06,3,2,15°C overcast
LHR,BA274,7:20,7:54,BCN,713,9:30,10:04,5,1,15°C overcast
LHR,LH281,7:20,7:20,CDG,216,8:40,8:40,3,1,15°C overcast
LHR,FR925,7:22,7:22,AMS,230,8:42,8:39,2,1,15°C overcast
LHR,U2777,7:23,7:38,BCN,713,9:33,9:48,5,1,15°C overcast
LHR,BA677,7:23,7:23,IST,1550,11:18,11:18,5,2,15°C overcast
LHR,BA778,7:24,7:24,IST,1550,11:19,11:19,2,1,15°C overcast
LHR,AF926,7:25,7:25,CDG,216,8:45,8:45,3,1,15°C overcast
LHR,EK765,7:27,8:07,MUC,586,9:22,10:02,4,2,15°C overcast
LHR,BA101,7:28,7:28,FRA,407,9:03,9:05,5,1,15°C overcast
LHR,BA467,7:28,7:44,BCN,713,9:38,9:54,2,2,15°C overcast
LHR,LH766,7:28,7:28,IST,1550,11:23,11:23,2,2,15°C overcast
LHR,BA393,7:29,7:29,FRA,407,9:04,9:04,3,2,15°C overcast
LHR,IB354,7:31,7:31,LIS,975,10:16,10:16,5,2,15°C overcast
LHR,U2485,7:31,7:31,MUC,586,9:26,9:35,4,2,15°C overcast
LHR,LH160,7:31,7:32,MUC,586,9:26,9:27,5,1,15°C overcast
LHR,U2470,7:32,7:32,AMS,230,8:52,8:52,4,2,15°C overcast
LHR,BA1012,7:33,7:33,AMS,230,8:53,9:10,5,1,15°C overcast
LHR,AF752,7:34,7:34,BCN,713,9:44,9:59,3,2,15°C overcast
LHR,BA104,7:36,8:00,AMS,230,8:56,9:20,2,2,15°C overcast
LHR,FR508,7:37,7:52,CDG,216,8:57,9:12,3,1,15°C overcast
LHR,BA105,7:37,7:37,FRA,407,9:12,9:10,3,2,15°C overcast
LHR,AF892,7:38,7:38,AMS,230,8:58,9:14,4,1,15°C overcast
LHR,BA457,7:38,7:38,CDG,216,8:58,9:02,3,1,15°C overcast
LHR,TK741,7:38,7:42,FCO,898,10:13,10:11,2,1,15°C overcast
LHR,BA397,7:38,7:51,AMS,230,8:58,9:11,3,1,15°C overcast
LHR,QR272,7:40,7:40,AMS,230,9:00,9:03,2,1,15°C overcast
LHR,BA874,7:41,13:01,MUC,586,9:36,14:56,4,2,15°C overcast
LHR,BA106,7:41,7:41,FRA,407,9:16,9:32,4,2,15°C overcast
LHR,A3238,7:42,7:42,LIS,975,10:27,10:27,4,2,15°C overcast
LHR,SK235,7:44,7:52,BCN,713,9:54,10:11,4,2,15°C overcast
LHR,FR838,7:45,7:45,MAD,772,10:10,10:10,5,2,15°C overcast
LHR,LH619,7:45,7:57,MUC,586,9:40,9:52,3,1,15°C overcast
LHR,AF284,7:47,7:47,FRA,407,9:22,9:14,4,2,15°C overcast
LHR,BA704,7:49,7:49,CDG,216,9:09,9:11,5,1,15°C overcast
LHR,U2141,7:49,7:54,FRA,407,9:24,9:44,3,1,15°C overcast
LHR,LH427,7:49,7:49,AMS,230,9:09,8:59,5,1,15°C overcast
LHR,BA528,7:50,7:50,MAD,772,10:15,10:15,3,2,15°C overcast
LHR,A3427,7:50,7:50,LIS,975,10:35,10:35,2,1,15°C overcast
LHR,BA767,7:51,8:01,CDG,216,9:11,9:21,4,2,15°C overcast
LHR,BA594,7:51,7:51,LIS,975,10:36,10:38,2,2,15°C overcast
LHR,SK542,7:52,7:52,AMS,230,9:12,9:12,4,1,15°C overcast
LHR,BA304,7:53,7:53,MUC,586,9:48,9:55,4,1,15°C overcast
LHR,LH271,7:55,8:09,BCN,713,10:05,10:19,3,1,15°C overcast
LHR,BA499,7:56,8:10,FRA,407,9:31,9:45,2,2,15°C overcast
LHR,AF649,7:56,7:56,MAD,772,10:21,10:21,5,1,15°C overcast
LHR,TP890,7:56,7:56,AMS,230,9:16,9:16,5,2,15°C overcast
LHR,BA550,7:57,9:35,LIS,975,10:42,12:20,5,1,15°C overcast
LHR,BA225,7:59,7:59,IST,1550,11:54,11:54,5,2,15°C overcast
LHR,BA226,8:00,8:00,AMS,230,9:20,9:30,5,1,13°C heavy rain
LHR,EK686,8:01,8:27,AMS,230,9:21,9:47,5,2,13°C heavy rain
LHR,EK682,8:02,8:02,FCO,898,10:37,10:37,3,2,13°C heavy rain
LHR,BA152,8:05,13:18,AMS,230,9:25,14:38,4,1,13°C heavy rain
LHR,BA842,8:06,8:06,MAD,772,10:31,10:31,5,2,13°C heavy rain
LHR,LH547,8:06,8:06,MUC,586,10:01,10:04,3,2,13°C heavy rain
LHR,BA758,8:06,8:32,IST,1550,12:01,12:27,2,2,13°C heavy rain
LHR,BA669,8:07,13:18,FRA,407,9:42,14:53,2,1,13°C heavy rain
LHR,BA984,8:11,8:11,BCN,713,10:21,10:29,2,1,13°C heavy rain
LHR,TK192,8:11,8:11,MUC,586,10:06,10:06,3,2,13°C heavy rain
LHR,BA227,8:15,8:15,MUC,586,10:10,10:10,5,1,13°C heavy rain
LHR,BA994,8:16,8:16,MAD,772,10:41,10:41,5,2,13°C heavy rain
LHR,FR473,8:18,8:18,LIS,975,11:03,10:56,5,1,13°C heavy rain
LHR,AF979,8:18,8:18,IST,1550,12:13,12:13,4,1,13°C heavy rain
LHR,AF619,8:19,12:38,AMS,230,9:39,14:09,5,1,13°C heavy rain
LHR,A3404,8:20,8:20,LIS,975,11:05,11:05,3,1,13°C heavy rain
LHR,AF481,8:20,8:45,FRA,407,9:55,10:20,5,1,13°C heavy rain
LHR,LH449,8:21,8:21,AMS,230,9:41,9:41,2,1,13°C heavy rain
LHR,U2927,8:22,8:22,BCN,713,10:32,10:32,2,1,13°C heavy rain
LHR,QR317,8:22,8:59,IST,1550,12:17,13:14,4,2,13°C heavy rain
LHR,AF605,8:23,10:32,CDG,216,9:43,11:48,3,1,13°C heavy rain
LHR,AF606,8:25,8:25,MUC,586,10:20,10:40,3,1,13°C heavy rain
LHR,BA471,8:26,12:52,BCN,713,10:36,15:02,4,2,13°C heavy rain
LHR,LH908,8:26,8:26,MUC,586,10:21,10:21,2,2,13°C heavy rain
LHR,SN155,8:27,8:27,CDG,216,9:47,9:47,2,2,13°C heavy rain
LHR,BA137,8:28,8:28,MUC,586,10:23,10:43,2,1,13°C heavy rain
LHR,BA138,8:30,8:30,MAD,772,10:55,10:55,3,1,13°C heavy rain
LHR,AF423,8:33,9:07,FCO,898,11:08,11:42,5,1,13°C heavy rain
LHR,LH273,8:36,8:36,IST,1550,12:31,12:47,4,2,13°C heavy rain
LHR,AF193,8:38,8:38,CDG,216,9:58,9:58,2,1,13°C heavy rain
LHR,BA819,8:40,8:40,FRA,407,10:15,10:15,5,2,13°C heavy rain
LHR,BA254,8:42,8:42,LIS,975,11:27,11:27,4,1,13°C heavy rain
LHR,BA567,8:44,8:44,FCO,898,11:19,11:19,3,2,13°C heavy rain
LHR,BA803,8:46,9:26,BCN,713,10:56,11:36,3,1,13°C heavy rain
LHR,AF754,8:48,8:48,MUC,586,10:43,10:43,3,2,13°C heavy rain
LHR,IB814,8:49,8:49,MAD,772,11:14,11:14,3,1,13°C heavy rain
LHR,A3113,8:49,8:49,LIS,975,11:34,11:34,4,2,13°C heavy rain
LHR,AF967,8:50,8:54,FRA,407,10:25,10:41,3,2,13°C heavy rain
LHR,LH345,8:51,8:51,FRA,407,10:26,10:26,3,1,13°C heavy rain
LHR,AF578,8:56,15:32,FCO,898,11:31,18:16,5,2,13°C heavy rain
LHR,U2985,8:57,8:57,CDG,216,10:17,10:35,2,2,13°C heavy rain
LHR,FR887,8:59,8:59,MAD,772,11:24,11:24,4,1,13°C heavy rain
LHR,AF265,9:02,9:29,MUC,586,10:57,11:44,3,2,18°C clear
LHR,LH440,9:05,9:05,FCO,898,11:40,11:40,3,1,18°C clear
LHR,BA786,9:06,14:10,FCO,898,11:41,16:45,4,1,18°C clear
LHR,BA607,9:06,9:06,CDG,216,10:26,10:26,5,1,18°C clear
LHR,U2739,9:07,9:42,AMS,230,10:27,11:02,3,2,18°C clear
LHR,LH426,9:09,9:36,BCN,713,11:19,11:46,2,1,18°C clear
LHR,LH428,9:09,9:48,IST,1550,13:04,13:43,4,2,18°C clear
LHR,TK629,9:09,9:09,MUC,586,11:04,11:15,5,2,18°C clear
LHR,IB107,9:12,9:12,FRA,407,10:47,10:47,4,1,18°C clear
LHR,BA114,9:13,9:13,IST,1550,13:08,13:21,4,2,18°C clear
LHR,AF527,9:15,9:15,IST,1550,13:10,13:10,5,1,18°C clear
LHR,AF102,9:17,9:17,FRA,407,10:52,10:52,5,1,18°C clear
LHR,BA350,9:17,9:17,IST,1550,13:12,13:08,2,2,18°C clear
LHR,BA719,9:17,9:53,LIS,975,12:02,12:38,5,2,18°C clear
LHR,SK945,9:18,9:18,FCO,898,11:53,12:00,4,1,18°C clear
LHR,IB126,9:19,9:19,IST,1550,13:14,13:14,3,2,18°C clear
LHR,U2232,9:20,9:20,AMS,230,10:40,10:40,3,2,18°C clear
LHR,LH730,9:20,9:20,FRA,407,10:55,10:55,3,2,18°C clear
LHR,W6723,9:21,9:23,LIS,975,12:06,12:08,4,2,18°C clear
LHR,W6664,9:24,9:35,FCO,898,11:59,12:10,5,1,18°C clear
LHR,TP945,9:24,9:24,FRA,407,10:59,10:59,2,2,18°C clear
LHR,LH816,9:25,9:25,MAD,772,11:50,11:50,4,1,18°C clear
LHR,LH134,9:25,9:25,IST,1550,13:20,13:38,3,2,18°C clear
LHR,LH119,9:26,9:26,BCN,713,11:36,11:36,4,2,18°C clear
LHR,U2376,9:27,9:27,MUC,586,11:22,11:22,2,1,18°C clear
LHR,A3126,9:27,9:27,CDG,216,10:47,10:52,2,1,18°C clear
LHR,BA427,9:27,9:27,MAD,772,11:52,11:52,4,1,18°C clear
LHR,BA410,9:28,9:28,MUC,586,11:23,11:23,5,1,18°C clear
LHR,AF610,9:31,9:56,LIS,975,12:16,13:00,4,2,18°C clear
LHR,BA577,9:33,9:38,MAD,772,11:58,12:03,2,2,18°C clear
LHR,TK920,9:33,9:33,BCN,713,11:43,11:43,4,2,18°C clear
LHR,BA798,9:34,9:34,IST,1550,13:29,13:39,2,1,18°C clear
LHR,BA817,9:34,9:34,IST,1550,13:29,13:29,2,2,18°C clear
LHR,LH934,9:34,9:34,LIS,975,12:19,12:28,5,2,18°C clear
LHR,BA228,9:34,9:34,AMS,230,10:54,10:54,4,2,18°C clear
LHR,SN867,9:36,9:36,IST,1550,13:31,13:31,5,2,18°C clear
LHR,BA115,9:38,9:38,BCN,713,11:48,12:07,5,1,18°C clear
LHR,SK708,9:40,9:40,LIS,975,12:25,12:25,5,1,18°C clear
LHR,QR411,9:40,9:40,BCN,713,11:50,11:50,5,2,18°C clear
LHR,BA743,9:41,9:41,FRA,407,11:16,11:16,2,1,18°C clear
LHR,BA534,9:41,10:04,LIS,975,12:26,13:07,4,2,18°C clear
LHR,BA155,9:43,9:43,AMS,230,11:03,10:57,4,1,18°C clear
LHR,SK625,9:45,9:45,FRA,407,11:20,11:29,5,1,18°C clear
LHR,QR820,9:46,9:46,MAD,772,12:11,12:11,5,1,18°C clear
LHR,QR866,9:46,9:46,BCN,713,11:56,11:56,3,1,18°C clear
LHR,A3337,9:46,9:46,LIS,975,12:31,12:31,2,2,18°C clear
LHR,U2943,9:47,9:47,CDG,216,11:07,11:07,5,1,18°C clear
LHR,LH537,9:48,9:48,FRA,407,11:23,11:23,3,2,18°C clear
LHR,BA564,9:48,9:48,MUC,586,11:43,11:43,4,2,18°C clear
LHR,AF411,9:49,9:49,MAD,772,12:14,12:14,4,1,18°C clear
LHR,LH720,9:49,9:50,IST,1550,13:44,13:45,5,1,18°C clear
LHR,BA891,9:53,10:00,CDG,216,11:13,11:20,5,1,18°C clear
LHR,LH234,9:54,9:54,IST,1550,13:49,13:49,2,1,18°C clear
LHR,FR403,9:55,9:55,MAD,772,12:20,12:20,5,1,18°C clear
LHR,TK237,9:55,9:55,MUC,586,11:50,11:50,5,2,18°C clear
LHR,AF470,9:56,9:56,FRA,407,11:31,11:31,3,1,18°C clear
LHR,FR854,9:58,9:58,BCN,713,12:08,12:23,3,2,18°C clear
LHR,BA972,9:59,10:12,MAD,772,12:24,12:37,4,1,18°C clear
LHR,W6391,9:59,9:59,MUC,586,11:54,11:54,4,2,18°C clear
LHR,AF574,10:08,10:08,LIS,975,12:53,12:53,4,2,15°C heavy rain
LHR,LH968,10:13,10:13,LIS,975,12:58,12:58,3,2,15°C heavy rain
LHR,BA684,10:14,10:33,FCO,898,12:49,13:08,3,1,15°C heavy rain
LHR,U2266,10:14,10:14,LIS,975,12:59,12:54,4,2,15°C heavy rain
LHR,QR290,10:19,10:19,MUC,586,12:14,12:20,5,2,15°C heavy rain
LHR,BA973,10:19,10:19,IST,1550,14:14,14:14,5,1,15°C heavy rain
LHR,BA760,10:21,10:21,IST,1550,14:16,14:16,3,2,15°C heavy rain
LHR,SK544,10:23,10:41,CDG,216,11:43,12:12,2,1,15°C heavy rain
LHR,IB174,10:24,10:24,AMS,230,11:44,11:44,4,1,15°C heavy rain
LHR,AF123,10:25,10:25,IST,1550,14:20,14:20,5,1,15°C heavy rain
LHR,BA829,10:27,10:27,MUC,586,12:22,12:38,4,1,15°C heavy rain
LHR,LH263,10:29,11:03,CDG,216,11:49,12:23,3,2,15°C heavy rain
LHR,BA593,10:31,11:10,AMS,230,11:51,12:30,2,2,15°C heavy rain
LHR,AF758,10:32,10:32,LIS,975,13:17,13:17,4,2,15°C heavy rain
LHR,BA476,10:33,11:10,FRA,407,12:08,12:43,3,2,15°C heavy rain
LHR,BA167,10:38,10:38,FRA,407,12:13,12:07,2,1,15°C heavy rain
LHR,LH897,10:38,10:38,AMS,230,11:58,11:58,4,1,15°C heavy rain
LHR,LH711,10:38,11:12,CDG,216,11:58,12:32,4,2,15°C heavy rain
LHR,BA858,10:39,10:39,BCN,713,12:49,12:49,4,2,15°C heavy rain
LHR,BA970,10:40,10:40,CDG,216,12:00,12:03,3,1,15°C heavy rain
LHR,AF595,10:41,10:41,IST,1550,14:36,14:36,5,2,15°C heavy rain
LHR,BA777,10:46,11:04,FCO,898,13:21,13:39,5,2,15°C heavy rain
LHR,EK656,10:48,10:56,FCO,898,13:23,13:31,5,1,15°C heavy rain
LHR,BA129,10:50,10:54,AMS,230,12:10,12:05,3,2,15°C heavy rain
LHR,BA172,10:52,16:53,AMS,230,12:12,18:26,5,2,15°C heavy rain
LHR,EK228,10:56,10:56,MUC,586,12:51,12:51,4,1,15°C heavy rain
LHR,LH833,10:56,10:56,AMS,230,12:16,12:07,5,1,15°C heavy rain
LHR,BA990,11:00,11:00,FCO,898,13:35,13:51,5,2,24°C sun
LHR,BA430,11:00,11:00,MAD,772,13:25,13:25,5,1,24°C sun
LHR,BA642,11:00,11:00,CDG,216,12:20,12:20,5,1,24°C sun
LHR,BA643,11:05,11:36,IST,1550,15:00,15:33,4,1,24°C sun
LHR,BA954,11:09,11:16,FRA,407,12:44,12:51,5,2,24°C sun
LHR,SK676,11:11,11:11,BCN,713,13:21,13:21,2,2,24°C sun
LHR,SK239,11:12,11:12,AMS,230,12:32,12:32,2,2,24°C sun
LHR,BA898,11:13,16:50,AMS,230,12:33,18:10,3,1,24°C sun
LHR,LH227,11:13,11:33,FRA,407,12:48,13:17,3,2,24°C sun
LHR,LH435,11:16,11:25,BCN,713,13:26,13:35,3,1,24°C sun
LHR,SN843,11:17,11:17,FCO,898,13:52,13:44,2,1,24°C sun
LHR,BA339,11:18,11:18,FRA,407,12:53,12:53,4,2,24°C sun
LHR,BA696,11:18,11:18,CDG,216,12:38,12:38,5,1,24°C sun
LHR,LH121,11:19,11:19,FCO,898,13:54,13:54,2,2,24°C sun
LHR,IB113,11:19,11:19,MAD,772,13:44,13:44,4,1,24°C sun
LHR,SK463,11:22,11:22,MAD,772,13:47,13:47,4,2,24°C sun
LHR,LH879,11:23,11:23,MAD,772,13:48,13:48,3,2,24°C sun
LHR,FR978,11:24,11:32,CDG,216,12:44,12:52,4,2,24°C sun
LHR,BA407,11:26,11:26,CDG,216,12:46,12:46,5,2,24°C sun
LHR,LH320,11:26,11:26,FCO,898,14:01,14:01,5,1,24°C sun
LHR,BA153,11:30,11:30,MUC,586,13:25,13:25,3,2,24°C sun
LHR,TP198,11:30,11:30,AMS,230,12:50,12:50,2,1,24°C sun
LHR,QR663,11:32,11:32,MUC,586,13:27,13:27,3,1,24°C sun
LHR,BA555,11:33,11:33,MUC,586,13:28,13:28,5,1,24°C sun
LHR,LH990,11:34,11:52,LIS,975,14:19,14:52,5,2,24°C sun
LHR,BA936,11:37,11:37,IST,1550,15:32,15:25,5,1,24°C sun
LHR,AF591,11:37,11:37,AMS,230,12:57,12:57,5,1,24°C sun
LHR,FR824,11:38,16:18,FCO,898,14:13,18:53,4,2,24°C sun
LHR,BA363,11:39,12:53,LIS,975,14:24,15:38,2,2,24°C sun
LHR,FR196,11:40,11:40,MUC,586,13:35,13:35,3,2,24°C sun
LHR,FR197,11:46,12:56,FRA,407,13:21,14:31,4,1,24°C sun
LHR,FR198,11:46,11:46,BCN,713,13:56,13:56,4,1,24°C sun
LHR,FR200,11:50,12:11,MUC,586,13:45,14:06,2,2,24°C sun
LHR,EK456,11:51,12:09,AMS,230,13:11,13:33,4,2,24°C sun
LHR,LH109,11:51,12:04,AMS,230,13:11,13:24,4,2,24°C sun
LHR,QR227,11:51,12:31,MUC,586,13:46,14:26,2,1,24°C sun
LHR,TP122,11:52,11:52,AMS,230,13:12,13:12,5,2,24°C sun
LHR,AF428,11:52,11:52,AMS,230,13:12,13:12,5,1,24°C sun
LHR,LH656,11:54,11:54,FRA,407,13:29,13:29,5,1,24°C sun
LHR,BA232,11:56,11:56,MAD,772,14:21,14:21,2,1,24°C sun
LHR,LH407,11:58,11:58,LIS,975,14:43,14:46,5,2,24°C sun
LHR,QR599,11:59,12:23,MUC,586,13:54,14:18,3,1,24°C sun
LHR,U2937,11:59,11:59,MUC,586,13:54,13:54,3,1,24°C sun
